-- 1. 插入学生表 (Student) 数据
INSERT INTO Student (StudentID, Name, Sex, Major, Balance, Points) VALUES
(N'202411040001', N'王小明', N'男', N'软件工程', 150.50, 350),
(N'202411040002', N'李思颖', N'女', N'计算机科学', 88.25, 120),
(N'202411040003', N'张伟', N'男', N'电子商务', 300.00, 800),
(N'202411040004', N'赵丽', N'女', N'软件工程', 55.70, 50),
(N'202411040005', N'刘强', N'男', N'人工智能', 210.90, 450),
(N'202411040006', N'陈芳', N'女', N'计算机科学', 12.00, 10),
(N'202411040007', N'孙涛', N'男', N'软件工程', 600.50, 1200),
(N'202411040008', N'周琳', N'女', N'电子商务', 199.90, 250),
(N'202411040009', N'吴磊', N'男', N'人工智能', 45.30, 60),
(N'202411040010', N'郑虹', N'女', N'软件工程', 99.00, 150),
(N'202411040011', N'冯斌', N'男', N'计算机科学', 180.10, 400),
(N'202411040012', N'许悦', N'女', N'电子商务', 250.00, 550),
(N'202411040013', N'钱进', N'男', N'人工智能', 75.60, 90),
(N'202411040014', N'杜娟', N'女', N'软件工程', 110.00, 200),
(N'202411040015', N'顾俊', N'男', N'计算机科学', 400.20, 950),
(N'202411040016', N'程静', N'女', N'电子商务', 35.80, 30),
(N'202411040017', N'朱明', N'男', N'人工智能', 165.40, 300),
(N'202411040018', N'蔡琳', N'女', N'软件工程', 22.90, 20),
(N'202411040019', N'郭磊', N'男', N'计算机科学', 280.75, 600),
(N'202411040020', N'潘婷', N'女', N'电子商务', 88.00, 110);

-- 2. 插入档口表 (Merchant) 数据
INSERT INTO Merchant (MerchantID, Name, Location, Manager) VALUES
(N'01101', N'川味小炒', N'食堂一楼东', N'李大强'),
(N'01102', N'营养早餐', N'食堂一楼中', N'王阿姨'),
(N'01103', N'粤式烧腊', N'食堂一楼西', N'梁师傅'),
(N'01104', N'杭州小笼包', N'食堂一楼南', N'陈掌柜'),
(N'01105', N'铁板快餐', N'食堂一楼北', N'丁老板'),
(N'01201', N'麻辣香锅', N'食堂二楼东', N'赵经理'),
(N'01202', N'日式料理', N'食堂二楼中', N'佐藤健'),
(N'01203', N'西式披萨', N'食堂二楼西', N'迈克尔'),
(N'01204', N'咖啡饮品', N'食堂二楼南', N'钱小妹'),
(N'01205', N'煲仔饭', N'食堂二楼北', N'孙记'),
(N'02101', N'面食之家', N'食堂二一楼东', N'周师傅'),
(N'02102', N'炸鸡汉堡', N'食堂二一楼中', N'吴老板'),
(N'02103', N'酸辣粉', N'食堂二一楼西', N'郑大妈'),
(N'02104', N'水果捞', N'食堂二一楼南', N'刘小菲'),
(N'02105', N'烤肉拌饭', N'食堂二一楼北', N'冯师傅'),
(N'02201', N'砂锅米线', N'食堂二二楼东', N'许老板'),
(N'02202', N'健康素食', N'食堂二二楼中', N'杜阿姨'),
(N'02203', N'自助称重', N'食堂二二楼西', N'顾经理'),
(N'02204', N'冰淇淋', N'食堂二二楼南', N'程小姐'),
(N'02205', N'甜品站', N'食堂二二楼北', N'朱老板');

-- 3. 插入菜品表 (Dish) 数据
INSERT INTO Dish (DishID, Name, Price, MerchantID) VALUES
(N'01101001', N'宫保鸡丁', 15.50, N'01101'),
(N'01101002', N'鱼香肉丝', 14.00, N'01101'),
(N'01102001', N'鸡蛋灌饼', 5.00, N'01102'),
(N'01102002', N'牛奶麦片', 6.50, N'01102'),
(N'01103001', N'蜜汁叉烧', 22.00, N'01103'),
(N'01103002', N'烧鸭饭', 18.00, N'01103'),
(N'01104001', N'鲜肉小笼', 10.00, N'01104'),
(N'01104002', N'香菇包', 8.00, N'01104'),
(N'01105001', N'黑椒牛柳饭', 19.90, N'01105'),
(N'01105002', N'咖喱鸡排饭', 17.50, N'01105'),
(N'01201001', N'微辣香锅', 25.00, N'01201'),
(N'01202001', N'三文鱼寿司', 30.00, N'01202'),
(N'01203001', N'意式培根披萨', 45.00, N'01203'),
(N'01204001', N'拿铁咖啡', 15.00, N'01204'),
(N'01205001', N'腊味煲仔饭', 21.00, N'01205'),
(N'02101001', N'牛肉拉面', 13.00, N'02101'),
(N'02102001', N'香辣鸡腿堡', 16.00, N'02102'),
(N'02103001', N'重庆酸辣粉', 11.50, N'02103'),
(N'02104001', N'招牌水果捞', 18.00, N'02104'),
(N'02105001', N'孜然烤肉饭', 20.00, N'02105');

-- 4. 插入库存表 (Stock) 数据
INSERT INTO Stock (StockID, MerchantID, DishID, InQuantity, OutQuantity, RemainingQuantity, UpdateTime) VALUES
(N'011010010001', N'01101', N'01101001', 500, 350, 150, N'2025-10-31 08:00:00'),
(N'011010020002', N'01101', N'01101002', 500, 400, 100, N'2025-10-31 08:00:00'),
(N'011020010003', N'01102', N'01102001', 800, 750, 50, N'2025-10-31 07:30:00'),
(N'011020020004', N'01102', N'01102002', 400, 380, 20, N'2025-10-31 07:30:00'),
(N'011030010005', N'01103', N'01103001', 200, 150, 50, N'2025-10-31 09:00:00'),
(N'011030020006', N'01103', N'01103002', 200, 180, 20, N'2025-10-31 09:00:00'),
(N'011040010007', N'01104', N'01104001', 600, 550, 50, N'2025-10-31 08:30:00'),
(N'011040020008', N'01104', N'01104002', 300, 280, 20, N'2025-10-31 08:30:00'),
(N'011050010009', N'01105', N'01105001', 300, 250, 50, N'2025-10-31 10:00:00'),
(N'011050020010', N'01105', N'01105002', 300, 280, 20, N'2025-10-31 10:00:00'),
(N'012010010011', N'01201', N'01201001', 400, 200, 200, N'2025-10-31 11:00:00'),
(N'012020010012', N'01202', N'01202001', 150, 100, 50, N'2025-10-31 11:30:00'),
(N'012030010013', N'01203', N'01203001', 50, 30, 20, N'2025-10-31 12:00:00'),
(N'012040010014', N'01204', N'01204001', 300, 250, 50, N'2025-10-31 09:30:00'),
(N'012050010015', N'01205', N'01205001', 250, 200, 50, N'2025-10-31 10:30:00'),
(N'021010010016', N'02101', N'02101001', 700, 650, 50, N'2025-10-31 08:00:00'),
(N'021020010017', N'02102', N'02102001', 350, 300, 50, N'2025-10-31 10:00:00'),
(N'021030010018', N'02103', N'02103001', 550, 500, 50, N'2025-10-31 11:00:00'),
(N'021040010019', N'02104', N'02104001', 200, 150, 50, N'2025-10-31 12:00:00'),
(N'021050010020', N'02105', N'02105001', 400, 350, 50, N'2025-10-31 13:00:00');

-- 5. 插入订单表 (Order) 数据
INSERT INTO [Order] (OrderID, StudentID, MerchantID, OrderTime, TotalAmount, [Status]) VALUES
(N'0110125103101', N'202411040001', N'01101', N'2025-10-31 12:05:00', 29.50, N'已完成'),
(N'0110125103102', N'202411040003', N'01101', N'2025-10-31 12:10:00', 15.50, N'已完成'),
(N'0110225103103', N'202411040002', N'01102', N'2025-10-31 08:15:00', 5.00, N'已完成'),
(N'0110325103104', N'202411040007', N'01103', N'2025-10-31 12:20:00', 22.00, N'待支付'),
(N'0110425103105', N'202411040005', N'01104', N'2025-10-31 08:35:00', 18.00, N'已完成'),
(N'0110525103106', N'202411040009', N'01105', N'2025-10-31 12:30:00', 19.90, N'已完成'),
(N'0120125103107', N'202411040011', N'01201', N'2025-10-31 13:00:00', 25.00, N'已完成'),
(N'0120225103108', N'202411040013', N'01202', N'2025-10-31 13:10:00', 30.00, N'待支付'),
(N'0120325103109', N'202411040015', N'01203', N'2025-10-31 13:20:00', 45.00, N'已完成'),
(N'0120425103110', N'202411040006', N'01204', N'2025-10-31 09:40:00', 15.00, N'已完成'),
(N'0120525103111', N'202411040017', N'01205', N'2025-10-31 12:45:00', 21.00, N'已完成'),
(N'0210125103112', N'202411040008', N'02101', N'2025-10-31 12:50:00', 13.00, N'已完成'),
(N'0210225103113', N'202411040010', N'02102', N'2025-10-31 13:30:00', 16.00, N'已完成'),
(N'0210325103114', N'202411040012', N'02103', N'2025-10-31 13:40:00', 11.50, N'待支付'),
(N'0210425103115', N'202411040014', N'02104', N'2025-10-31 14:00:00', 18.00, N'已完成'),
(N'0210525103116', N'202411040016', N'02105', N'2025-10-31 14:10:00', 20.00, N'已完成'),
(N'0110225103117', N'202411040004', N'01102', N'2025-10-31 08:20:00', 6.50, N'已完成'),
(N'0110125103118', N'202411040019', N'01101', N'2025-10-31 12:15:00', 14.00, N'待支付'),
(N'0120425103119', N'202411040020', N'01204', N'2025-10-31 10:00:00', 15.00, N'已完成'),
(N'0110525103120', N'202411040018', N'01105', N'2025-10-31 12:35:00', 17.50, N'已完成');

-- 6. 插入支付表 (Payment) 数据
-- 注意: 您提供的原始数据中有重复的支付记录指向同一个订单(例如最后几条), 这里如实插入。
-- 这可能意味着一个订单可以被多次部分支付或使用不同方式支付, 表结构设计是支持这种场景的。
INSERT INTO Payment (PayID, OrderID, PayMethod, Amount, PayTime) VALUES
(N'P00000000000001', N'0110125103101', N'校园卡', 29.50, N'2025-10-31 12:05:30'),
(N'P00000000000002', N'0110125103102', N'支付宝', 15.50, N'2025-10-31 12:10:20'),
(N'P00000000000003', N'0110225103103', N'微信', 5.00, N'2025-10-31 08:15:10'),
(N'P00000000000004', N'0110425103105', N'校园卡', 18.00, N'2025-10-31 08:35:50'),
(N'P00000000000005', N'0110525103106', N'支付宝', 19.90, N'2025-10-31 12:30:40'),
(N'P00000000000006', N'0120125103107', N'微信', 25.00, N'2025-10-31 13:00:10'),
(N'P00000000000007', N'0120325103109', N'校园卡', 45.00, N'2025-10-31 13:20:05'),
(N'P00000000000008', N'0120425103110', N'支付宝', 15.00, N'2025-10-31 09:40:20'),
(N'P00000000000009', N'0120525103111', N'微信', 21.00, N'2025-10-31 12:45:15'),
(N'P00000000000010', N'0210125103112', N'校园卡', 13.00, N'2025-10-31 12:50:00'),
(N'P00000000000011', N'0210225103113', N'支付宝', 16.00, N'2025-10-31 13:30:10'),
(N'P00000000000012', N'0210425103115', N'微信', 18.00, N'2025-10-31 14:00:25'),
(N'P00000000000013', N'0210525103116', N'校园卡', 20.00, N'2025-10-31 14:10:00'),
(N'P00000000000014', N'0110225103117', N'支付宝', 6.50, N'2025-10-31 08:20:00'),
(N'P00000000000015', N'0120425103119', N'微信', 15.00, N'2025-10-31 10:00:10'),
(N'P00000000000016', N'0110525103120', N'校园卡', 17.50, N'2025-10-31 12:35:05'),
(N'P00000000000017', N'0110125103101', N'支付宝', 14.00, N'2025-10-31 12:05:40'),
(N'P00000000000018', N'0110125103101', N'微信', 15.50, N'2025-10-31 12:05:50'),
(N'P00000000000019', N'0120325103109', N'支付宝', 45.00, N'2025-10-31 13:20:15'),
(N'P00000000000020', N'0120525103111', N'微信', 21.00, N'2025-10-31 12:45:25');

-- 7. 插入订单明细表 (OrderDetail) 数据
INSERT INTO OrderDetail (OrderID, DishID, Quantity) VALUES
(N'0110125103101', N'01101001', 1),
(N'0110125103101', N'01101002', 1),
(N'0110125103102', N'01101001', 1),
(N'0110225103103', N'01102001', 1),
(N'0110325103104', N'01103001', 1),
(N'0110425103105', N'01104002', 2),
(N'0110525103106', N'01105001', 1),
(N'0120125103107', N'01201001', 1),
(N'0120225103108', N'01202001', 1),
(N'0120325103109', N'01203001', 1),
(N'0120425103110', N'01204001', 1),
(N'0120525103111', N'01205001', 1),
(N'0210125103112', N'02101001', 1),
(N'0210225103113', N'02102001', 1),
(N'0210325103114', N'02103001', 1),
(N'0210425103115', N'02104001', 1),
(N'0210525103116', N'02105001', 1),
(N'0110225103117', N'01102002', 1),
(N'0110125103118', N'01101002', 1),
(N'0120425103119', N'01204001', 1);
